date,image_file,platform,caption,link,hashtags
2026-10-17,17_bank-card-alerts.jpg,facebook,"Would you know if someone used your card at 2 a.m.?

Log in to your bank and card accounts and turn on alerts for every purchase, by text or email. If a charge shows up that you didn't make, you'll know in minutes instead of at the end of the month.

Want to see what else is worth turning on at home? Take the free 2-minute Cyber Checkup.
https://www.everacyber.com/checkup-start?utm_source=facebook&utm_medium=social&utm_campaign=cybersecurity-awareness-month&utm_content=bank-card-alerts",https://www.everacyber.com/checkup-start?utm_source=facebook&utm_medium=social&utm_campaign=cybersecurity-awareness-month&utm_content=bank-card-alerts,#CybersecurityAwarenessMonth #Evera
2026-10-17,17_bank-card-alerts.jpg,instagram,"Would you know if someone used your card at 2 a.m.?

Log in to your bank and card accounts and turn on alerts for every purchase, by text or email. If a charge shows up that you didn't make, you'll know in minutes instead of at the end of the month.

Want to see what else is worth turning on at home? Take the free 2-minute Cyber Checkup.
https://www.everacyber.com/checkup-start?utm_source=instagram&utm_medium=social&utm_campaign=cybersecurity-awareness-month&utm_content=bank-card-alerts",https://www.everacyber.com/checkup-start?utm_source=instagram&utm_medium=social&utm_campaign=cybersecurity-awareness-month&utm_content=bank-card-alerts,#CybersecurityAwarenessMonth #Evera
2026-10-17,17_bank-card-alerts.jpg,tiktok,"Would you know if someone used your card at 2 a.m.?

Log in to your bank and card accounts and turn on alerts for every purchase, by text or email. If a charge shows up that you didn't make, you'll know in minutes instead of at the end of the month.

Want to see what else is worth turning on at home? Take the free 2-minute Cyber Checkup.
https://www.everacyber.com/checkup-start?utm_source=tiktok&utm_medium=social&utm_campaign=cybersecurity-awareness-month&utm_content=bank-card-alerts",https://www.everacyber.com/checkup-start?utm_source=tiktok&utm_medium=social&utm_campaign=cybersecurity-awareness-month&utm_content=bank-card-alerts,#CybersecurityAwarenessMonth #Evera
2026-10-18,18_tech-support-popups.jpg,facebook,"Has a screen ever popped up saying your computer is infected and you need to call a number right now?

That's a scam. Whoever answers will ask to get into your computer or ask you to pay. Close the browser, or restart the computer if it won't close, and don't call the number.

Not sure your computer is clean? Take the free 2-minute Cyber Checkup.
https://www.everacyber.com/checkup-start?utm_source=facebook&utm_medium=social&utm_campaign=cybersecurity-awareness-month&utm_content=tech-support-popups",https://www.everacyber.com/checkup-start?utm_source=facebook&utm_medium=social&utm_campaign=cybersecurity-awareness-month&utm_content=tech-support-popups,#CybersecurityAwarenessMonth #Evera
2026-10-18,18_tech-support-popups.jpg,instagram,"Has a screen ever popped up saying your computer is infected and you need to call a number right now?

That's a scam. Whoever answers will ask to get into your computer or ask you to pay. Close the browser, or restart the computer if it won't close, and don't call the number.

Not sure your computer is clean? Take the free 2-minute Cyber Checkup.
https://www.everacyber.com/checkup-start?utm_source=instagram&utm_medium=social&utm_campaign=cybersecurity-awareness-month&utm_content=tech-support-popups",https://www.everacyber.com/checkup-start?utm_source=instagram&utm_medium=social&utm_campaign=cybersecurity-awareness-month&utm_content=tech-support-popups,#CybersecurityAwarenessMonth #Evera
2026-10-18,18_tech-support-popups.jpg,tiktok,"Has a screen ever popped up saying your computer is infected and you need to call a number right now?

That's a scam. Whoever answers will ask to get into your computer or ask you to pay. Close the browser, or restart the computer if it won't close, and don't call the number.

Not sure your computer is clean? Take the free 2-minute Cyber Checkup.
https://www.everacyber.com/checkup-start?utm_source=tiktok&utm_medium=social&utm_campaign=cybersecurity-awareness-month&utm_content=tech-support-popups",https://www.everacyber.com/checkup-start?utm_source=tiktok&utm_medium=social&utm_campaign=cybersecurity-awareness-month&utm_content=tech-support-popups,#CybersecurityAwarenessMonth #Evera
2026-10-19,19_grandparent-scams.jpg,facebook,"Did you get a call from someone who sounded like your grandson, saying he's in trouble and begging you not to tell his parents?

Hang up and call him back on the number you already have, or call his mom or dad. Scammers count on you acting fast and keeping it quiet.

Take the free 2-minute Cyber Checkup to see where your family stands.
https://www.everacyber.com/checkup-start?utm_source=facebook&utm_medium=social&utm_campaign=cybersecurity-awareness-month&utm_content=grandparent-scams",https://www.everacyber.com/checkup-start?utm_source=facebook&utm_medium=social&utm_campaign=cybersecurity-awareness-month&utm_content=grandparent-scams,#CybersecurityAwarenessMonth #Evera
2026-10-19,19_grandparent-scams.jpg,instagram,"Did you get a call from someone who sounded like your grandson, saying he's in trouble and begging you not to tell his parents?

Hang up and call him back on the number you already have, or call his mom or dad. Scammers count on you acting fast and keeping it quiet.

Take the free 2-minute Cyber Checkup to see where your family stands.
https://www.everacyber.com/checkup-start?utm_source=instagram&utm_medium=social&utm_campaign=cybersecurity-awareness-month&utm_content=grandparent-scams",https://www.everacyber.com/checkup-start?utm_source=instagram&utm_medium=social&utm_campaign=cybersecurity-awareness-month&utm_content=grandparent-scams,#CybersecurityAwarenessMonth #Evera
2026-10-19,19_grandparent-scams.jpg,tiktok,"Did you get a call from someone who sounded like your grandson, saying he's in trouble and begging you not to tell his parents?

Hang up and call him back on the number you already have, or call his mom or dad. Scammers count on you acting fast and keeping it quiet.

Take the free 2-minute Cyber Checkup to see where your family stands.
https://www.everacyber.com/checkup-start?utm_source=tiktok&utm_medium=social&utm_campaign=cybersecurity-awareness-month&utm_content=grandparent-scams",https://www.everacyber.com/checkup-start?utm_source=tiktok&utm_medium=social&utm_campaign=cybersecurity-awareness-month&utm_content=grandparent-scams,#CybersecurityAwarenessMonth #Evera
2026-10-20,20_wifi-router-passwords.jpg,facebook,"Is your Wi-Fi password still the one printed on the sticker on your router?

Anyone who's been in your house could have snapped a photo of it. Change it to a long passphrase only your household knows, and change the router's admin password too.

Bakersfield and Kern County, our team can look at the rest of your home setup with you. Start with the free 2-minute Cyber Checkup.
https://www.everacyber.com/bakersfield1?utm_source=facebook&utm_medium=social&utm_campaign=cybersecurity-awareness-month&utm_content=wifi-router-passwords",https://www.everacyber.com/bakersfield1?utm_source=facebook&utm_medium=social&utm_campaign=cybersecurity-awareness-month&utm_content=wifi-router-passwords,#CybersecurityAwarenessMonth #Evera #Bakersfield
2026-10-20,20_wifi-router-passwords.jpg,instagram,"Is your Wi-Fi password still the one printed on the sticker on your router?

Anyone who's been in your house could have snapped a photo of it. Change it to a long passphrase only your household knows, and change the router's admin password too.

Bakersfield and Kern County, our team can look at the rest of your home setup with you. Start with the free 2-minute Cyber Checkup.
https://www.everacyber.com/bakersfield1?utm_source=instagram&utm_medium=social&utm_campaign=cybersecurity-awareness-month&utm_content=wifi-router-passwords",https://www.everacyber.com/bakersfield1?utm_source=instagram&utm_medium=social&utm_campaign=cybersecurity-awareness-month&utm_content=wifi-router-passwords,#CybersecurityAwarenessMonth #Evera #Bakersfield
2026-10-20,20_wifi-router-passwords.jpg,tiktok,"Is your Wi-Fi password still the one printed on the sticker on your router?

Anyone who's been in your house could have snapped a photo of it. Change it to a long passphrase only your household knows, and change the router's admin password too.

Bakersfield and Kern County, our team can look at the rest of your home setup with you. Start with the free 2-minute Cyber Checkup.
https://www.everacyber.com/bakersfield1?utm_source=tiktok&utm_medium=social&utm_campaign=cybersecurity-awareness-month&utm_content=wifi-router-passwords",https://www.everacyber.com/bakersfield1?utm_source=tiktok&utm_medium=social&utm_campaign=cybersecurity-awareness-month&utm_content=wifi-router-passwords,#CybersecurityAwarenessMonth #Evera #Bakersfield
2026-10-21,21_kids-gaming-scams.jpg,facebook,"Has your kid asked about a site that gives away free Robux or V-Bucks?

Those links are built to steal game logins, and sometimes the payment info saved on the account. Tell your kids never to share a password, even with a friend in the game, and to come get you before they click anything that promises free stuff.

Want a quick look at how protected your family's devices are? Take the free 2-minute Cyber Checkup.
https://www.everacyber.com/checkup-start?utm_source=facebook&utm_medium=social&utm_campaign=cybersecurity-awareness-month&utm_content=kids-gaming-scams",https://www.everacyber.com/checkup-start?utm_source=facebook&utm_medium=social&utm_campaign=cybersecurity-awareness-month&utm_content=kids-gaming-scams,#CybersecurityAwarenessMonth #Evera
2026-10-21,21_kids-gaming-scams.jpg,instagram,"Has your kid asked about a site that gives away free Robux or V-Bucks?

Those links are built to steal game logins, and sometimes the payment info saved on the account. Tell your kids never to share a password, even with a friend in the game, and to come get you before they click anything that promises free stuff.

Want a quick look at how protected your family's devices are? Take the free 2-minute Cyber Checkup.
https://www.everacyber.com/checkup-start?utm_source=instagram&utm_medium=social&utm_campaign=cybersecurity-awareness-month&utm_content=kids-gaming-scams",https://www.everacyber.com/checkup-start?utm_source=instagram&utm_medium=social&utm_campaign=cybersecurity-awareness-month&utm_content=kids-gaming-scams,#CybersecurityAwarenessMonth #Evera
2026-10-21,21_kids-gaming-scams.jpg,tiktok,"Has your kid asked about a site that gives away free Robux or V-Bucks?

Those links are built to steal game logins, and sometimes the payment info saved on the account. Tell your kids never to share a password, even with a friend in the game, and to come get you before they click anything that promises free stuff.

Want a quick look at how protected your family's devices are? Take the free 2-minute Cyber Checkup.
https://www.everacyber.com/checkup-start?utm_source=tiktok&utm_medium=social&utm_campaign=cybersecurity-awareness-month&utm_content=kids-gaming-scams",https://www.everacyber.com/checkup-start?utm_source=tiktok&utm_medium=social&utm_campaign=cybersecurity-awareness-month&utm_content=kids-gaming-scams,#CybersecurityAwarenessMonth #Evera
2026-10-22,22_fake-online-stores.jpg,facebook,"Found a deal that looks too good on a store you've never heard of?

Fake shops are a common holiday trick. Some take your money and ship nothing, others just collect your card number. Type the store's web address yourself, and pay with a credit card so you can dispute the charge if something goes wrong.

Before you start holiday shopping, take the free 2-minute Cyber Checkup.
https://www.everacyber.com/checkup-start?utm_source=facebook&utm_medium=social&utm_campaign=cybersecurity-awareness-month&utm_content=fake-online-stores",https://www.everacyber.com/checkup-start?utm_source=facebook&utm_medium=social&utm_campaign=cybersecurity-awareness-month&utm_content=fake-online-stores,#CybersecurityAwarenessMonth #Evera
2026-10-22,22_fake-online-stores.jpg,instagram,"Found a deal that looks too good on a store you've never heard of?

Fake shops are a common holiday trick. Some take your money and ship nothing, others just collect your card number. Type the store's web address yourself, and pay with a credit card so you can dispute the charge if something goes wrong.

Before you start holiday shopping, take the free 2-minute Cyber Checkup.
https://www.everacyber.com/checkup-start?utm_source=instagram&utm_medium=social&utm_campaign=cybersecurity-awareness-month&utm_content=fake-online-stores",https://www.everacyber.com/checkup-start?utm_source=instagram&utm_medium=social&utm_campaign=cybersecurity-awareness-month&utm_content=fake-online-stores,#CybersecurityAwarenessMonth #Evera
2026-10-22,22_fake-online-stores.jpg,tiktok,"Found a deal that looks too good on a store you've never heard of?

Fake shops are a common holiday trick. Some take your money and ship nothing, others just collect your card number. Type the store's web address yourself, and pay with a credit card so you can dispute the charge if something goes wrong.

Before you start holiday shopping, take the free 2-minute Cyber Checkup.
https://www.everacyber.com/checkup-start?utm_source=tiktok&utm_medium=social&utm_campaign=cybersecurity-awareness-month&utm_content=fake-online-stores",https://www.everacyber.com/checkup-start?utm_source=tiktok&utm_medium=social&utm_campaign=cybersecurity-awareness-month&utm_content=fake-online-stores,#CybersecurityAwarenessMonth #Evera
2026-10-23,23_qr-code-scams.jpg,facebook,"Ever scanned a QR code on a parking meter or a flyer without a second thought?

Scammers stick their own codes over real ones to send you to fake payment pages. Before you enter anything, check that the web address matches the real company, or type the official site yourself.

Take the free 2-minute Cyber Checkup to see what else might be catching your family off guard.
https://www.everacyber.com/checkup-start?utm_source=facebook&utm_medium=social&utm_campaign=cybersecurity-awareness-month&utm_content=qr-code-scams",https://www.everacyber.com/checkup-start?utm_source=facebook&utm_medium=social&utm_campaign=cybersecurity-awareness-month&utm_content=qr-code-scams,#CybersecurityAwarenessMonth #Evera
2026-10-23,23_qr-code-scams.jpg,instagram,"Ever scanned a QR code on a parking meter or a flyer without a second thought?

Scammers stick their own codes over real ones to send you to fake payment pages. Before you enter anything, check that the web address matches the real company, or type the official site yourself.

Take the free 2-minute Cyber Checkup to see what else might be catching your family off guard.
https://www.everacyber.com/checkup-start?utm_source=instagram&utm_medium=social&utm_campaign=cybersecurity-awareness-month&utm_content=qr-code-scams",https://www.everacyber.com/checkup-start?utm_source=instagram&utm_medium=social&utm_campaign=cybersecurity-awareness-month&utm_content=qr-code-scams,#CybersecurityAwarenessMonth #Evera
2026-10-23,23_qr-code-scams.jpg,tiktok,"Ever scanned a QR code on a parking meter or a flyer without a second thought?

Scammers stick their own codes over real ones to send you to fake payment pages. Before you enter anything, check that the web address matches the real company, or type the official site yourself.

Take the free 2-minute Cyber Checkup to see what else might be catching your family off guard.
https://www.everacyber.com/checkup-start?utm_source=tiktok&utm_medium=social&utm_campaign=cybersecurity-awareness-month&utm_content=qr-code-scams",https://www.everacyber.com/checkup-start?utm_source=tiktok&utm_medium=social&utm_campaign=cybersecurity-awareness-month&utm_content=qr-code-scams,#CybersecurityAwarenessMonth #Evera
2026-10-24,24_facebook-marketplace.jpg,facebook,"Selling the old couch on Facebook Marketplace this weekend, Memphis?

If a buyer wants you to read them a code sent to your phone, overpays and asks for the difference back, or pushes a payment app you don't know, walk away. Meet somewhere public and take cash or a payment method you already use.

Want a second set of eyes on your home tech? Start with the free 2-minute Cyber Checkup.
https://www.everacyber.com/memphis1?utm_source=facebook&utm_medium=social&utm_campaign=cybersecurity-awareness-month&utm_content=facebook-marketplace",https://www.everacyber.com/memphis1?utm_source=facebook&utm_medium=social&utm_campaign=cybersecurity-awareness-month&utm_content=facebook-marketplace,#CybersecurityAwarenessMonth #Evera #Memphis
2026-10-24,24_facebook-marketplace.jpg,instagram,"Selling the old couch on Facebook Marketplace this weekend, Memphis?

If a buyer wants you to read them a code sent to your phone, overpays and asks for the difference back, or pushes a payment app you don't know, walk away. Meet somewhere public and take cash or a payment method you already use.

Want a second set of eyes on your home tech? Start with the free 2-minute Cyber Checkup.
https://www.everacyber.com/memphis1?utm_source=instagram&utm_medium=social&utm_campaign=cybersecurity-awareness-month&utm_content=facebook-marketplace",https://www.everacyber.com/memphis1?utm_source=instagram&utm_medium=social&utm_campaign=cybersecurity-awareness-month&utm_content=facebook-marketplace,#CybersecurityAwarenessMonth #Evera #Memphis
2026-10-24,24_facebook-marketplace.jpg,tiktok,"Selling the old couch on Facebook Marketplace this weekend, Memphis?

If a buyer wants you to read them a code sent to your phone, overpays and asks for the difference back, or pushes a payment app you don't know, walk away. Meet somewhere public and take cash or a payment method you already use.

Want a second set of eyes on your home tech? Start with the free 2-minute Cyber Checkup.
https://www.everacyber.com/memphis1?utm_source=tiktok&utm_medium=social&utm_campaign=cybersecurity-awareness-month&utm_content=facebook-marketplace",https://www.everacyber.com/memphis1?utm_source=tiktok&utm_medium=social&utm_campaign=cybersecurity-awareness-month&utm_content=facebook-marketplace,#CybersecurityAwarenessMonth #Evera #Memphis
2026-10-25,25_backups-photos.jpg,facebook,"If your phone fell in the lake tomorrow, would the kids' photos go with it?

Turn on automatic backups on every phone and computer in the house, to the cloud, an external drive, or both. Then check once that the photos actually show up there.

Not sure what's backed up at your house? Take the free 2-minute Cyber Checkup.
https://www.everacyber.com/checkup-start?utm_source=facebook&utm_medium=social&utm_campaign=cybersecurity-awareness-month&utm_content=backups-photos",https://www.everacyber.com/checkup-start?utm_source=facebook&utm_medium=social&utm_campaign=cybersecurity-awareness-month&utm_content=backups-photos,#CybersecurityAwarenessMonth #Evera
2026-10-25,25_backups-photos.jpg,instagram,"If your phone fell in the lake tomorrow, would the kids' photos go with it?

Turn on automatic backups on every phone and computer in the house, to the cloud, an external drive, or both. Then check once that the photos actually show up there.

Not sure what's backed up at your house? Take the free 2-minute Cyber Checkup.
https://www.everacyber.com/checkup-start?utm_source=instagram&utm_medium=social&utm_campaign=cybersecurity-awareness-month&utm_content=backups-photos",https://www.everacyber.com/checkup-start?utm_source=instagram&utm_medium=social&utm_campaign=cybersecurity-awareness-month&utm_content=backups-photos,#CybersecurityAwarenessMonth #Evera
2026-10-25,25_backups-photos.jpg,tiktok,"If your phone fell in the lake tomorrow, would the kids' photos go with it?

Turn on automatic backups on every phone and computer in the house, to the cloud, an external drive, or both. Then check once that the photos actually show up there.

Not sure what's backed up at your house? Take the free 2-minute Cyber Checkup.
https://www.everacyber.com/checkup-start?utm_source=tiktok&utm_medium=social&utm_campaign=cybersecurity-awareness-month&utm_content=backups-photos",https://www.everacyber.com/checkup-start?utm_source=tiktok&utm_medium=social&utm_campaign=cybersecurity-awareness-month&utm_content=backups-photos,#CybersecurityAwarenessMonth #Evera
2026-10-26,26_old-devices-accounts.jpg,facebook,"Got an old phone or laptop sitting in a drawer, Bakersfield?

Before you sell, donate or recycle it, back up what you want, sign out of your accounts, and do a full factory reset. While you're at it, close old accounts you don't use anymore so nobody can take them over.

Kern County families, start with the free 2-minute Cyber Checkup.
https://www.everacyber.com/bakersfield1?utm_source=facebook&utm_medium=social&utm_campaign=cybersecurity-awareness-month&utm_content=old-devices-accounts",https://www.everacyber.com/bakersfield1?utm_source=facebook&utm_medium=social&utm_campaign=cybersecurity-awareness-month&utm_content=old-devices-accounts,#CybersecurityAwarenessMonth #Evera #Bakersfield
2026-10-26,26_old-devices-accounts.jpg,instagram,"Got an old phone or laptop sitting in a drawer, Bakersfield?

Before you sell, donate or recycle it, back up what you want, sign out of your accounts, and do a full factory reset. While you're at it, close old accounts you don't use anymore so nobody can take them over.

Kern County families, start with the free 2-minute Cyber Checkup.
https://www.everacyber.com/bakersfield1?utm_source=instagram&utm_medium=social&utm_campaign=cybersecurity-awareness-month&utm_content=old-devices-accounts",https://www.everacyber.com/bakersfield1?utm_source=instagram&utm_medium=social&utm_campaign=cybersecurity-awareness-month&utm_content=old-devices-accounts,#CybersecurityAwarenessMonth #Evera #Bakersfield
2026-10-26,26_old-devices-accounts.jpg,tiktok,"Got an old phone or laptop sitting in a drawer, Bakersfield?

Before you sell, donate or recycle it, back up what you want, sign out of your accounts, and do a full factory reset. While you're at it, close old accounts you don't use anymore so nobody can take them over.

Kern County families, start with the free 2-minute Cyber Checkup.
https://www.everacyber.com/bakersfield1?utm_source=tiktok&utm_medium=social&utm_campaign=cybersecurity-awareness-month&utm_content=old-devices-accounts",https://www.everacyber.com/bakersfield1?utm_source=tiktok&utm_medium=social&utm_campaign=cybersecurity-awareness-month&utm_content=old-devices-accounts,#CybersecurityAwarenessMonth #Evera #Bakersfield
2026-10-27,27_smart-tvs-cameras.jpg,facebook,"When did you last change the password on your doorbell camera or smart TV?

Change any default passwords, turn off remote viewing you don't use, and let the updates install. That keeps strangers out of the cameras inside your home.

Take the free 2-minute Cyber Checkup to see what else in your house needs a look.
https://www.everacyber.com/checkup-start?utm_source=facebook&utm_medium=social&utm_campaign=cybersecurity-awareness-month&utm_content=smart-tvs-cameras",https://www.everacyber.com/checkup-start?utm_source=facebook&utm_medium=social&utm_campaign=cybersecurity-awareness-month&utm_content=smart-tvs-cameras,#CybersecurityAwarenessMonth #Evera
2026-10-27,27_smart-tvs-cameras.jpg,instagram,"When did you last change the password on your doorbell camera or smart TV?

Change any default passwords, turn off remote viewing you don't use, and let the updates install. That keeps strangers out of the cameras inside your home.

Take the free 2-minute Cyber Checkup to see what else in your house needs a look.
https://www.everacyber.com/checkup-start?utm_source=instagram&utm_medium=social&utm_campaign=cybersecurity-awareness-month&utm_content=smart-tvs-cameras",https://www.everacyber.com/checkup-start?utm_source=instagram&utm_medium=social&utm_campaign=cybersecurity-awareness-month&utm_content=smart-tvs-cameras,#CybersecurityAwarenessMonth #Evera
2026-10-27,27_smart-tvs-cameras.jpg,tiktok,"When did you last change the password on your doorbell camera or smart TV?

Change any default passwords, turn off remote viewing you don't use, and let the updates install. That keeps strangers out of the cameras inside your home.

Take the free 2-minute Cyber Checkup to see what else in your house needs a look.
https://www.everacyber.com/checkup-start?utm_source=tiktok&utm_medium=social&utm_campaign=cybersecurity-awareness-month&utm_content=smart-tvs-cameras",https://www.everacyber.com/checkup-start?utm_source=tiktok&utm_medium=social&utm_campaign=cybersecurity-awareness-month&utm_content=smart-tvs-cameras,#CybersecurityAwarenessMonth #Evera
2026-10-28,28_social-media-oversharing.jpg,facebook,"Posting beach photos while you're still on vacation?

Live posts tell people your house is empty. And birthdays, pet names and your high school mascot are common answers to security questions. Share the trip once you're home, and keep those details off your public profile.

Take the free 2-minute Cyber Checkup to see what else is easy to fix.
https://www.everacyber.com/checkup-start?utm_source=facebook&utm_medium=social&utm_campaign=cybersecurity-awareness-month&utm_content=social-media-oversharing",https://www.everacyber.com/checkup-start?utm_source=facebook&utm_medium=social&utm_campaign=cybersecurity-awareness-month&utm_content=social-media-oversharing,#CybersecurityAwarenessMonth #Evera
2026-10-28,28_social-media-oversharing.jpg,instagram,"Posting beach photos while you're still on vacation?

Live posts tell people your house is empty. And birthdays, pet names and your high school mascot are common answers to security questions. Share the trip once you're home, and keep those details off your public profile.

Take the free 2-minute Cyber Checkup to see what else is easy to fix.
https://www.everacyber.com/checkup-start?utm_source=instagram&utm_medium=social&utm_campaign=cybersecurity-awareness-month&utm_content=social-media-oversharing",https://www.everacyber.com/checkup-start?utm_source=instagram&utm_medium=social&utm_campaign=cybersecurity-awareness-month&utm_content=social-media-oversharing,#CybersecurityAwarenessMonth #Evera
2026-10-28,28_social-media-oversharing.jpg,tiktok,"Posting beach photos while you're still on vacation?

Live posts tell people your house is empty. And birthdays, pet names and your high school mascot are common answers to security questions. Share the trip once you're home, and keep those details off your public profile.

Take the free 2-minute Cyber Checkup to see what else is easy to fix.
https://www.everacyber.com/checkup-start?utm_source=tiktok&utm_medium=social&utm_campaign=cybersecurity-awareness-month&utm_content=social-media-oversharing",https://www.everacyber.com/checkup-start?utm_source=tiktok&utm_medium=social&utm_campaign=cybersecurity-awareness-month&utm_content=social-media-oversharing,#CybersecurityAwarenessMonth #Evera
2026-10-29,29_medicare-benefits-scams.jpg,facebook,"Did someone call saying your Medicare or Social Security benefits will stop unless you act today?

Hang up. Medicare and Social Security won't threaten you or ask you to pay with gift cards. If you're worried, look up the number on medicare.gov or ssa.gov and call them yourself.

Helping a parent with calls like this? Take the free 2-minute Cyber Checkup together.
https://www.everacyber.com/checkup-start?utm_source=facebook&utm_medium=social&utm_campaign=cybersecurity-awareness-month&utm_content=medicare-benefits-scams",https://www.everacyber.com/checkup-start?utm_source=facebook&utm_medium=social&utm_campaign=cybersecurity-awareness-month&utm_content=medicare-benefits-scams,#CybersecurityAwarenessMonth #Evera
2026-10-29,29_medicare-benefits-scams.jpg,instagram,"Did someone call saying your Medicare or Social Security benefits will stop unless you act today?

Hang up. Medicare and Social Security won't threaten you or ask you to pay with gift cards. If you're worried, look up the number on medicare.gov or ssa.gov and call them yourself.

Helping a parent with calls like this? Take the free 2-minute Cyber Checkup together.
https://www.everacyber.com/checkup-start?utm_source=instagram&utm_medium=social&utm_campaign=cybersecurity-awareness-month&utm_content=medicare-benefits-scams",https://www.everacyber.com/checkup-start?utm_source=instagram&utm_medium=social&utm_campaign=cybersecurity-awareness-month&utm_content=medicare-benefits-scams,#CybersecurityAwarenessMonth #Evera
2026-10-29,29_medicare-benefits-scams.jpg,tiktok,"Did someone call saying your Medicare or Social Security benefits will stop unless you act today?

Hang up. Medicare and Social Security won't threaten you or ask you to pay with gift cards. If you're worried, look up the number on medicare.gov or ssa.gov and call them yourself.

Helping a parent with calls like this? Take the free 2-minute Cyber Checkup together.
https://www.everacyber.com/checkup-start?utm_source=tiktok&utm_medium=social&utm_campaign=cybersecurity-awareness-month&utm_content=medicare-benefits-scams",https://www.everacyber.com/checkup-start?utm_source=tiktok&utm_medium=social&utm_campaign=cybersecurity-awareness-month&utm_content=medicare-benefits-scams,#CybersecurityAwarenessMonth #Evera
2026-10-30,30_memphis-household-check.jpg,facebook,"Memphis, with the holidays coming, is every computer in your house in good shape?

Take ten minutes this weekend. Make sure each one is updated, the photos and files are backed up, and everyone knows who to call when a message looks off.

Want someone to check it with you? Start with the free 2-minute Cyber Checkup.
https://www.everacyber.com/memphis1?utm_source=facebook&utm_medium=social&utm_campaign=cybersecurity-awareness-month&utm_content=memphis-household-check",https://www.everacyber.com/memphis1?utm_source=facebook&utm_medium=social&utm_campaign=cybersecurity-awareness-month&utm_content=memphis-household-check,#CybersecurityAwarenessMonth #Evera #Memphis
2026-10-30,30_memphis-household-check.jpg,instagram,"Memphis, with the holidays coming, is every computer in your house in good shape?

Take ten minutes this weekend. Make sure each one is updated, the photos and files are backed up, and everyone knows who to call when a message looks off.

Want someone to check it with you? Start with the free 2-minute Cyber Checkup.
https://www.everacyber.com/memphis1?utm_source=instagram&utm_medium=social&utm_campaign=cybersecurity-awareness-month&utm_content=memphis-household-check",https://www.everacyber.com/memphis1?utm_source=instagram&utm_medium=social&utm_campaign=cybersecurity-awareness-month&utm_content=memphis-household-check,#CybersecurityAwarenessMonth #Evera #Memphis
2026-10-30,30_memphis-household-check.jpg,tiktok,"Memphis, with the holidays coming, is every computer in your house in good shape?

Take ten minutes this weekend. Make sure each one is updated, the photos and files are backed up, and everyone knows who to call when a message looks off.

Want someone to check it with you? Start with the free 2-minute Cyber Checkup.
https://www.everacyber.com/memphis1?utm_source=tiktok&utm_medium=social&utm_campaign=cybersecurity-awareness-month&utm_content=memphis-household-check",https://www.everacyber.com/memphis1?utm_source=tiktok&utm_medium=social&utm_campaign=cybersecurity-awareness-month&utm_content=memphis-household-check,#CybersecurityAwarenessMonth #Evera #Memphis
2026-10-31,31_halloween-scam-tip.jpg,facebook,"Scary but true: some of the charity appeals hitting your phone this season aren't real.

If a text or post asks you to donate to a cause you've never heard of, don't use the link. Look the charity up yourself and give through its own website.

Take the free 2-minute Cyber Checkup before the holiday rush.
https://www.everacyber.com/checkup-start?utm_source=facebook&utm_medium=social&utm_campaign=cybersecurity-awareness-month&utm_content=halloween-scam-tip",https://www.everacyber.com/checkup-start?utm_source=facebook&utm_medium=social&utm_campaign=cybersecurity-awareness-month&utm_content=halloween-scam-tip,#CybersecurityAwarenessMonth #Evera
2026-10-31,31_halloween-scam-tip.jpg,instagram,"Scary but true: some of the charity appeals hitting your phone this season aren't real.

If a text or post asks you to donate to a cause you've never heard of, don't use the link. Look the charity up yourself and give through its own website.

Take the free 2-minute Cyber Checkup before the holiday rush.
https://www.everacyber.com/checkup-start?utm_source=instagram&utm_medium=social&utm_campaign=cybersecurity-awareness-month&utm_content=halloween-scam-tip",https://www.everacyber.com/checkup-start?utm_source=instagram&utm_medium=social&utm_campaign=cybersecurity-awareness-month&utm_content=halloween-scam-tip,#CybersecurityAwarenessMonth #Evera
2026-10-31,31_halloween-scam-tip.jpg,tiktok,"Scary but true: some of the charity appeals hitting your phone this season aren't real.

If a text or post asks you to donate to a cause you've never heard of, don't use the link. Look the charity up yourself and give through its own website.

Take the free 2-minute Cyber Checkup before the holiday rush.
https://www.everacyber.com/checkup-start?utm_source=tiktok&utm_medium=social&utm_campaign=cybersecurity-awareness-month&utm_content=halloween-scam-tip",https://www.everacyber.com/checkup-start?utm_source=tiktok&utm_medium=social&utm_campaign=cybersecurity-awareness-month&utm_content=halloween-scam-tip,#CybersecurityAwarenessMonth #Evera
